{"cameraMode":{"drawMode":0,"name":"Shaded","section":"Shading Mode"},"sceneLighting":false,"audioPlay":false,"sceneViewState":{"m_AlwaysRefresh":false,"showFog":true,"showSkybox":false,"showFlares":true,"showImageEffects":true,"showParticleSystems":true,"showVisualEffectGraphs":true,"m_FxEnabled":true},"in2DMode":false,"pivot":{"x":-4.082279205322266,"y":0.10000181198120117,"z":-3.495992660522461},"rotation":{"x":0.295434832572937,"y":0.24778355658054353,"z":-0.07931287586688996,"w":0.9194902777671814},"size":0.14142128825187684,"orthographic":false}