{"cameraMode":{"drawMode":0,"name":"Shaded","section":"Shading Mode"},"sceneLighting":false,"audioPlay":false,"sceneViewState":{"m_AlwaysRefresh":false,"showFog":true,"showSkybox":false,"showFlares":true,"showImageEffects":true,"showParticleSystems":true,"showVisualEffectGraphs":true,"m_FxEnabled":true},"in2DMode":false,"pivot":{"x":-0.1734413355588913,"y":4.574942111968994,"z":0.6643162369728088},"rotation":{"x":-0.5955251455307007,"y":-0.009558252058923245,"z":0.006797948852181435,"w":-0.803516149520874},"size":0.7380655407905579,"orthographic":false}