{"cameraMode":{"drawMode":0,"name":"Shaded","section":"Shading Mode"},"sceneLighting":false,"audioPlay":false,"sceneViewState":{"m_AlwaysRefresh":false,"showFog":true,"showSkybox":false,"showFlares":true,"showImageEffects":true,"showParticleSystems":true,"showVisualEffectGraphs":true,"m_FxEnabled":true},"in2DMode":false,"pivot":{"x":1.6516838073730469,"y":2.069505214691162,"z":1.4656474590301514},"rotation":{"x":0.022493960335850717,"y":-0.9590811729431152,"z":0.2705918848514557,"w":0.08712676912546158},"size":0.9923152923583984,"orthographic":false}