{"cameraMode":{"drawMode":0,"name":"Shaded","section":"Shading Mode"},"sceneLighting":false,"audioPlay":false,"sceneViewState":{"m_AlwaysRefresh":false,"showFog":true,"showSkybox":false,"showFlares":true,"showImageEffects":true,"showParticleSystems":true,"showVisualEffectGraphs":true,"m_FxEnabled":true},"in2DMode":false,"pivot":{"x":0.08713102340698242,"y":0.40279126167297366,"z":1.648411512374878},"rotation":{"x":-0.051296416670084,"y":0.007042878307402134,"z":-0.0028946134261786939,"w":-0.9992459416389465},"size":0.8660253882408142,"orthographic":false}