{"cameraMode":{"drawMode":0,"name":"Shaded","section":"Shading Mode"},"sceneLighting":false,"audioPlay":false,"sceneViewState":{"m_AlwaysRefresh":false,"showFog":true,"showSkybox":false,"showFlares":true,"showImageEffects":true,"showParticleSystems":true,"showVisualEffectGraphs":true,"m_FxEnabled":true},"in2DMode":false,"pivot":{"x":1.4091109037399293,"y":-2.0691654682159426,"z":-2.5052480697631838},"rotation":{"x":0.06564850360155106,"y":0.9347506165504456,"z":-0.2544267475605011,"w":0.24025754630565644},"size":3.3400511741638185,"orthographic":false}