{"cameraMode":{"drawMode":0,"name":"Shaded","section":"Shading Mode"},"sceneLighting":false,"audioPlay":false,"sceneViewState":{"m_AlwaysRefresh":false,"showFog":true,"showSkybox":false,"showFlares":true,"showImageEffects":true,"showParticleSystems":true,"showVisualEffectGraphs":true,"m_FxEnabled":true},"in2DMode":false,"pivot":{"x":1403.706787109375,"y":-59.155601501464847,"z":-1395.5126953125},"rotation":{"x":0.0071245357394218449,"y":0.9236199259757996,"z":-0.013622747734189034,"w":0.38377827405929568},"size":995.7000122070313,"orthographic":false}