{"cameraMode":{"drawMode":0,"name":"Shaded","section":"Shading Mode"},"sceneLighting":false,"audioPlay":false,"sceneViewState":{"m_AlwaysRefresh":false,"showFog":true,"showSkybox":false,"showFlares":true,"showImageEffects":true,"showParticleSystems":true,"showVisualEffectGraphs":true,"m_FxEnabled":true},"in2DMode":false,"pivot":{"x":6.085635662078857,"y":0.32545921206474306,"z":37.54060745239258},"rotation":{"x":0.015379257500171662,"y":0.08227425813674927,"z":0.0001599105162313208,"w":0.9968873858451843},"size":20.22369956970215,"orthographic":false}