{"cameraMode":{"drawMode":0,"name":"Shaded","section":"Shading Mode"},"sceneLighting":false,"audioPlay":false,"sceneViewState":{"m_AlwaysRefresh":false,"showFog":true,"showSkybox":false,"showFlares":true,"showImageEffects":true,"showParticleSystems":true,"showVisualEffectGraphs":true,"m_FxEnabled":true},"in2DMode":false,"pivot":{"x":8.863321304321289,"y":0.47147202491760256,"z":-39.5467529296875},"rotation":{"x":0.0025176305789500477,"y":0.9952433705329895,"z":-0.010612943209707737,"w":0.10082025080919266},"size":21.77362823486328,"orthographic":false}