{"cameraMode":{"drawMode":0,"name":"Shaded","section":"Shading Mode"},"sceneLighting":false,"audioPlay":false,"sceneViewState":{"m_AlwaysRefresh":false,"showFog":true,"showSkybox":false,"showFlares":true,"showImageEffects":true,"showParticleSystems":true,"showVisualEffectGraphs":true,"m_FxEnabled":true},"in2DMode":false,"pivot":{"x":-0.2740829288959503,"y":-0.5110722780227661,"z":-2.075241804122925},"rotation":{"x":0.0019482574425637723,"y":0.9995771050453186,"z":-0.042303845286369327,"w":0.00795967597514391},"size":3.2796690464019777,"orthographic":false}