{"cameraMode":{"drawMode":0,"name":"Shaded","section":"Shading Mode"},"sceneLighting":false,"audioPlay":false,"sceneViewState":{"m_AlwaysRefresh":false,"showFog":true,"showSkybox":false,"showFlares":true,"showImageEffects":true,"showParticleSystems":true,"showVisualEffectGraphs":true,"m_FxEnabled":true},"in2DMode":false,"pivot":{"x":-11.292563438415528,"y":2.1813035011291506,"z":-37.54428482055664},"rotation":{"x":0.0022399709559977056,"y":0.9898818731307983,"z":0.005426913965493441,"w":-0.144565612077713},"size":22.52399253845215,"orthographic":false}