{"cameraMode":{"drawMode":0,"name":"Shaded","section":"Shading Mode"},"sceneLighting":false,"audioPlay":false,"sceneViewState":{"m_AlwaysRefresh":false,"showFog":true,"showSkybox":false,"showFlares":true,"showImageEffects":true,"showParticleSystems":true,"showVisualEffectGraphs":true,"m_FxEnabled":true},"in2DMode":false,"pivot":{"x":3.311453104019165,"y":-2.1900641918182375,"z":0.8780311346054077},"rotation":{"x":0.16691142320632935,"y":0.7609091401100159,"z":-0.21406102180480958,"w":0.5898453593254089},"size":3.3400511741638185,"orthographic":false}