{"cameraMode":{"drawMode":0,"name":"Shaded","section":"Shading Mode"},"sceneLighting":false,"audioPlay":false,"sceneViewState":{"m_AlwaysRefresh":false,"showFog":true,"showSkybox":false,"showFlares":true,"showImageEffects":true,"showParticleSystems":true,"showVisualEffectGraphs":true,"m_FxEnabled":true},"in2DMode":false,"pivot":{"x":3.758793354034424,"y":-1.504581093788147,"z":-0.2063446044921875},"rotation":{"x":0.07288754731416702,"y":0.9008154273033142,"z":-0.16551867127418519,"w":0.39539363980293276},"size":3.3400511741638185,"orthographic":false}