{"cameraMode":{"drawMode":0,"name":"Shaded","section":"Shading Mode"},"sceneLighting":false,"audioPlay":false,"sceneViewState":{"m_AlwaysRefresh":false,"showFog":true,"showSkybox":false,"showFlares":true,"showImageEffects":true,"showParticleSystems":true,"showVisualEffectGraphs":true,"m_FxEnabled":true},"in2DMode":false,"pivot":{"x":0.0681983232498169,"y":-1.326162338256836,"z":-1.5072808265686036},"rotation":{"x":0.009003253653645516,"y":0.9468342065811157,"z":-0.3214581608772278,"w":0.02508593164384365},"size":3.3400511741638185,"orthographic":false}