{"cameraMode":{"drawMode":0,"name":"Shaded","section":"Shading Mode"},"sceneLighting":true,"audioPlay":false,"sceneViewState":{"m_AlwaysRefresh":false,"showFog":true,"showSkybox":true,"showFlares":true,"showImageEffects":true,"showParticleSystems":true,"showVisualEffectGraphs":true,"m_FxEnabled":true},"in2DMode":false,"pivot":{"x":18.19103240966797,"y":2.0073142051696779,"z":-17.553726196289064},"rotation":{"x":-0.014980513602495194,"y":-0.9195971488952637,"z":0.031461331993341449,"w":-0.3923948407173157},"size":0.8660253882408142,"orthographic":false}