{"cameraMode":{"drawMode":0,"name":"Shaded","section":"Shading Mode"},"sceneLighting":true,"audioPlay":false,"sceneViewState":{"m_AlwaysRefresh":false,"showFog":true,"showSkybox":true,"showFlares":true,"showImageEffects":true,"showParticleSystems":true,"showVisualEffectGraphs":true,"m_FxEnabled":true},"in2DMode":false,"pivot":{"x":21.192062377929689,"y":-12.713395118713379,"z":-0.8992516994476318},"rotation":{"x":0.19618253409862519,"y":0.6884145736694336,"z":-0.19992601871490479,"w":0.6695110201835632},"size":35.35533905029297,"orthographic":false}