{"cameraMode":{"drawMode":0,"name":"Shaded","section":"Shading Mode"},"sceneLighting":true,"audioPlay":false,"sceneViewState":{"m_AlwaysRefresh":false,"showFog":true,"showSkybox":true,"showFlares":true,"showImageEffects":true,"showParticleSystems":true,"showVisualEffectGraphs":true,"m_FxEnabled":true},"in2DMode":false,"pivot":{"x":385.2723083496094,"y":199.96656799316407,"z":-491.698974609375},"rotation":{"x":-0.09903480857610703,"y":0.3983176648616791,"z":0.045626621693372729,"w":0.9111999273300171},"size":113.93153381347656,"orthographic":false}